full_name,eligible_positions,IDfg
Gerrit Cole,SP,13125
Zach Eflin,SP,13774
George Kirby,SP,25436
Spencer Strider,SP,27498
Logan Webb,SP,17995
Tanner Scott,RP,17586
Zac Gallen,SP,19291
Zack Wheeler,SP,10310
Félix Bautista,RP,20666
Justin Steele,SP,17312
Kyle Bradish,SP,24586
Luis Castillo,SP,513
Logan Gilbert,SP,22250
Devin Williams,RP,15816
Kevin Gausman,SP,14107
Yennier Cano,RP,25911
Pablo López,SP,17085
Joel Payamps,RP,14332
Brusdar Graterol,RP,20367
Evan Phillips,RP,17734
Bryan Abreu,RP,16609
Hector Neris,RP,11804
David Bednar,RP,19569
Blake Snell,SP,13543
Tyler Holton,RP,26231
Craig Kimbrel,RP,6655
Clayton Kershaw,SP,2036
Matt Strahm,"SP,RP",13799
Framber Valdez,SP,17295
Hunter Harvey,RP,15507
Camilo Doval,RP,21992
Colin Poche,RP,19403
Chris Martin,RP,11847
Corbin Burnes,SP,19361
Hoby Milner,RP,13346
Matt Brash,RP,25756
Emmanuel Clase,RP,21032
Erik Swanson,RP,16587
Freddy Peralta,SP,18679
Sonny Gray,SP,12768
Chris Bassitt,SP,12304
Alexis Díaz,RP,21132
Jason Foley,RP,19531
Adbert Alzolay,RP,17859
Bailey Ober,SP,21224
Justin Topa,RP,15145
Josh Hader,RP,14212
Ryan Pressly,RP,7005
Kevin Ginkel,RP,19876
Max Scherzer,SP,3137
Tarik Skubal,SP,22267
Raisel Iglesias,RP,17130
Robert Stephenson,RP,13594
Danny Coulombe,RP,13293
Andrew Nardi,RP,25942
Jordan Montgomery,SP,16511
Joe Ryan,SP,21390
Tyler Rogers,RP,15541
Justin Verlander,SP,8700
Tyler Glasnow,SP,14374
Braxton Garrett,SP,21844
Tim Mayza,RP,15042
Jesús Luzardo,SP,19959
Michael King,"SP,RP",10315
Shohei Ohtani (Pitcher),SP,19755
Paul Sewald,RP,13892
Jhoan Duran,RP,21029
Jordan Romano,RP,16122
A.J. Minter,RP,18655
Jeff Hoffman,RP,17432
Griffin Jax,RP,20253
Aaron Nola,SP,16149
David Robertson,RP,8241
Clay Holmes,RP,13649
Jason Adam,RP,11861
Mark Leiter,RP,1007501
Emilio Pagán,RP,14771
Gabe Speier,RP,17170
José Berríos,SP,14168
A.J. Puk,RP,19343
Matt Moore,RP,1890
Eduardo Rodriguez,SP,13164
Kodai Senga,SP,31838
Merrill Kelly,SP,11156
Brandon Woodruff,SP,16162
Pete Fairbanks,RP,17998
Ian Gibaut,RP,17871
Kevin Kelly,RP,25679
Yimi García,RP,12095
Nick Pivetta,"SP,RP",15454
Joe Musgrove,SP,12970
Trevor Stephan,RP,19932
Michael Wacha,SP,14078
Kyle Finnegan,RP,15009
Mitch Keller,SP,17594
Tyler Wells,SP,20000
Ryan Borucki,RP,16350
Aroldis Chapman,RP,10233
Tanner Bibee,SP,30134
Shawn Armstrong,"SP,RP",12857
Lucas Sims,RP,13470
Seth Lugo,SP,12447
Phil Maton,RP,18064
Bobby Miller,SP,27483
Bryse Wilson,RP,19990
Andrés Muñoz,RP,20373
Enyel De Los Santos,RP,18403
Giovanny Gallegos,RP,14986
Will Smith,RP,8048
Ryan Brasier,RP,5615
Joe Jiménez,RP,15761
Gregory Soto,RP,19677
Reynaldo López,RP,16400
Brooks Raley,RP,10061
Kyle Nelson,RP,20515
Max Fried,SP,13743
Julian Merryweather,RP,16703
Nathan Eovaldi,SP,9132
Miguel Castro,RP,15684
Cristopher Sánchez,SP,20778
José Alvarado,RP,17780
Shane McClanahan,SP,21483
Caleb Ferguson,"SP,RP",19349
Nick Sandlin,RP,20517
Will Vest,RP,19769
Nick Martinez,"SP,RP",12730
Tom Cosgrove,RP,23443
Yusei Kikuchi,SP,20633
Julio Urías,SP,14765
Caleb Thielbar,RP,10078
Kirby Yates,RP,9073
Kenley Jansen,RP,3096
Dauri Moreta,RP,21101
Jordan Hicks,RP,19618
Wandy Peralta,RP,14295
Alex Lange,RP,19883
Bryce Miller,SP,29837
Kutter Crawford,"SP,RP",20531
Elvis Peguero,RP,21652
Adam Ottavino,RP,1247
Nick Anderson,RP,18337
Taylor Rogers,RP,13449
Brock Burke,RP,17968
Aaron Civale,SP,19479
Ryan Helsley,RP,18138
Chris Stratton,RP,13761
Kendall Graveman,RP,15514
Carlos Estévez,RP,14542
Josh Winckowski,RP,22387
Eury Pérez,SP,27768
Cole Ragans,"SP,RP",21846
Buck Farmer,RP,14814
Colin Holderman,RP,22361
Gregory Santos,RP,21894
Ryan Pepiot,"SP,RP",26221
Shelby Miller,RP,10197
José Leclerc,RP,14524
Brock Stewart,RP,16727
Sam Moll,RP,14874
Dane Dunning,"SP,RP",19409
Chris Sale,SP,10603
Tommy Kahnle,RP,11384
Sam Hentges,RP,18548
Josh Sborz,RP,18323
Pierce Johnson,RP,13435
Michael Tonkin,RP,10315
Chris Devenski,RP,12763
Justin Lawrence,RP,17639
Jacob deGrom,SP,10954
Wade Miley,SP,8779
Steven Okert,RP,13580
Scott McGough,RP,12056
Steven Wilson,RP,20353
Alex Young,RP,18333
Bowden Francis,RP,20548
Joe Kelly,RP,1006804
Kenta Maeda,SP,18498
Kyle Hendricks,SP,12049
Dean Kremer,SP,19350
Ian Hamilton,RP,19261
Seranthony Domínguez,RP,19249
JoJo Romero,RP,19574
Mike Baumann,RP,20206
Griffin Canning,SP,19867
Ryan Walker,"SP,RP",20423
Brennan Bernardino,"SP,RP",16835
Sandy Alcantara,SP,18684
Mike Clevinger,SP,12808
Keynan Middleton,RP,15264
Jakob Junis,"SP,RP",13619
Jordan Weems,RP,13190
Alex Vesia,RP,25007
Angel Perdomo,RP,17759
Reese Olson,SP,24968
John Brebbia,"SP,RP",12777
Zack Littell,"SP,RP",15823
Drew Rasmussen,SP,25385
Jay Jackson,RP,7432
Fernando Cruz,RP,7048
Peter Strzelecki,RP,21367
Eli Morgan,RP,20203
Shane Bieber,SP,19427
Andrew Chafin,RP,12988
Bryan Baker,RP,19804
Dylan Floro,RP,13394
Brent Suter,RP,13942
Robert Suarez,RP,30115
Jeffrey Springs,SP,17677
Génesis Cabrera,RP,17490
Jake Bird,RP,21267
Alex Cobb,SP,6562
Javier Assad,"SP,RP",21741
Marcus Stroman,SP,13431
Carmen Mlodzinski,RP,27572
Ryan Yarbrough,"SP,RP",16502
Ryan Thompson,RP,16647
Trent Thornton,RP,17948
Drew Smith,RP,17755
Dustin May,SP,19716
Brayan Bello,SP,23920
Sean Manaea,"SP,RP",15873
Abner Uribe,RP,25327
Bryce Elder,SP,27779
Trevor Gott,RP,15046
Scott Barlow,RP,14993
Matt Manning,SP,20369
Victor González,RP,16408
Tyler Alexander,RP,17735
Kyle Gibson,SP,10123
José Soriano,RP,22100
Carlos Hernández,"SP,RP",22713
Luke Jackson,RP,11752
James Karinchak,RP,20151
Jacob Webb,RP,19274
Isaiah Campbell,RP,25551
James McArthur,RP,21527
Ron Marinaccio,RP,23488
Jon Gray,SP,14916
Trevor Richards,RP,19309
Nick Ramirez,RP,12575
Andrew Abbott,SP,29911
Tristan Beck,RP,21584
Trevor Megill,RP,17722
Cionel Pérez,RP,19614
José Cisnero,RP,6399
Huascar Brazoban,RP,6107
Luis García,RP,140
Louie Varland,"SP,RP",27691
Yu Darvish,SP,13074
Kody Funderburk,RP,24993
DL Hall,RP,22207
Jose Cuas,RP,17701
Charlie Morton,SP,1009231
Cristian Javier,SP,17606
Robert Garcia,RP,23363
Jonathan Loáisiga,RP,19753
Miguel Díaz,RP,18815
Tayler Saucedo,RP,17888
JT Chargois,"SP,RP",13767
John Schreiber,RP,20020
Jhony Brito,"SP,RP",25386
Jameson Taillon,SP,11674
Jake Diekman,RP,5003
Garrett Whitlock,"SP,RP",20191
Andrew Wantz,RP,24933
Joe Mantiply,RP,14857
Joe Boyle,SP,29608
John Means,SP,16269
Nate Pearson,RP,20160
Daniel Palencia,RP,27914
Alex Faedo,SP,19874
John King,RP,22051
Ty Adcock,RP,25651
J.P. France,SP,21212
Colin Rea,SP,12317
Bryan Woo,SP,30279
James Paxton,SP,11828
Tyler Mahle,SP,16358
Rafael Montero,RP,12760
Hunter Brown,SP,25880
Beau Brieske,RP,26079
Andrew Kittredge,RP,12828
Dany Jiménez,RP,21170
Miles Mikolas,SP,9803
JP Sears,SP,23429
Grayson Rodriguez,SP,24492
Andrew Heaney,"SP,RP",15423
Jimmy Herget,RP,17556
Jose Hernandez,RP,22318
Dylan Lee,RP,19996
Yency Almonte,RP,15068
Lucas Giolito,SP,15474
Keaton Winn,SP,23499
Jorge López,RP,14527
Anthony DeSclafani,SP,13050
Steven Matz,"SP,RP",13361
Ray Kerr,RP,23809
Penn Murfee,RP,25174
Andrew Saalfrank,RP,26203
Chad Green,RP,15552
Tanner Banks,RP,16990
Taijuan Walker,SP,11836
Garrett Cleavinger,RP,17897
Adam Kolarek,RP,10843
José Quintana,SP,11423
Zack Weiss,RP,15444
Gavin Williams,SP,30122
Bruce Zimmermann,RP,20370
Sawyer Gipson-Long,SP,26048
Clarke Schmidt,SP,19899
Cody Bradford,"SP,RP",27597
Zach Jackson,RP,19493
John McMillon,RP,27942
Bryce Jarvis,RP,27477
Angel Zerpa,RP,22717
Austin Adams,RP,13801
Nestor Cortes,SP,17874
Adrian Houser,SP,12718
José Quijada,RP,19200
Joey Lucchesi,SP,19320
Jose A. Ferrer,RP,24017
Germán Márquez,SP,15038
Grant Hartwig,RP,29946
Brendan White,RP,26024
Tejay Antone,P,16233
Bennett Sousa,RP,21345
Hayden Wesneski,"SP,RP",27581
Logan Allen,SP,27589
Connor Brogdon,RP,21205
Jake Latz,RP,21306
Taylor Clarke,RP,17611
Alek Jacob,RP,29628
Luis Garcia,SP,1004504
Luke Little,RP,28036
Kyle Harrison,SP,27758
Phil Bickford,RP,18519
Sean Reid-Foley,RP,17034
Darius Vines,P,25928
Chase Silseth,"SP,RP",30074
Emmet Sheehan,SP,29839
Nick Vespi,RP,21093
Aaron Bummer,RP,16258
Kyle Hurt,RP,27514
Jordan Wicks,SP,30094
Nick Nelson,RP,20153
Zack Thompson,"SP,RP",25918
Eduard Bazardo,RP,20997
Lucas Erceg,RP,19360
Yoendrys Gómez,RP,22872
Jonathan Hernández,RP,17464
Thyago Vieira,RP,14510
Mason Miller,SP,31757
Daniel Duarte,RP,17480
Trevor Rogers,SP,22286
Sean Newcomb,RP,16943
Slade Cecconi,SP,27500
Brandon Williamson,SP,25463
Kris Bubic,SP,21455
Cole Irvin,"SP,RP",19244
J.B. Bukauskas,RP,20491
Mason Thompson,RP,21850
Orion Kerkering,RP,31776
Angel Felipe,RP,21163
Greg Weissert,RP,20375
Luis F. Ortiz,RP,16942
Austin Warren,RP,24937
Randy Vásquez,"SP,RP",24719
Chris Paddack,RP,20099
Reid Detmers,SP,27468
Guillermo Zuñiga,RP,19588
Jacob Lopez,P,25098
Drey Jameson,RP,26260
Michael Kelly,RP,12791
Zach Pop,RP,20185
Matt Gage,RP,17381
Andre Pallante,RP,26108
Pedro Avila,"SP,RP",18864
MacKenzie Gore,SP,22201
Yohan Ramirez,RP,19444
Oliver Ortega,RP,21025
Frankie Montas,RP,14309
Grant Anderson,RP,20546
Jonathan Bowlan,P,24607
Hagen Danner,RP,22116
Dylan Cease,SP,18525
Andrew Bellatti,RP,10657
Xzavion Curry,"SP,RP",25595
George Soriano,RP,21863
Tyler Kinley,RP,18297
Josh Winder,RP,24606
Hunter Greene,SP,22182
AJ Smith-Shawver,SP,29960
Prelander Berroa,RP,22932
Parker Mushinski,RP,21324
Tanner Rainey,RP,17610
Sammy Peralta,RP,25589
Michael Rucker,RP,19454
Tony Gonsolin,SP,19388
Andre Jackson,"SP,RP",21298
Jackson Wolf,SP,29832
Seth Martinez,RP,21045
Anthony Veneziano,RP,27453
Matt Waldron,SP,25550
Brent Headrick,RP,27702
Antonio Senzatela,SP,15488
Daniel Lynch IV,SP,21537
Jonathan Heasley,RP,22224
Jackson Stephens,RP,14420
Tim Herrin,RP,25139
Davis Daniel,RP,27582
Allan Winans,SP,21238
Mauricio Llovera,RP,20080
Janson Junk,P,23301
Keegan Akin,RP,19362
Keegan Thompson,RP,19795
Darren McCaughan,RP,20038
Yunior Marte,RP,14416
Joe Jacques,RP,25178
Ben Joyce,RP,31461
Drew Smyly,"SP,RP",11760
Sam Bachman,RP,29754
Luis Frías,RP,21997
Daysbel Hernández,RP,20271
Tim Hill,RP,16814
Emerson Hancock,SP,27470
Nick Mears,RP,25376
Ranger Suárez,SP,17277
Josh Staumont,RP,18335
Kelvin Caceres,RP,24681
Francisco Pérez,RP,21018
Carlos Vargas,RP,22915
Lane Ramsey,RP,25071
Kaleb Ort,RP,20061
Jimmy Lambert,RP,19541
Dylan Covey,RP,14825
Chris Murphy,RP,26214
Austin Voth,RP,15047
Deivi García,RP,20276
Hunter Gaddis,SP,25636
Kenny Rosenberg,SP,20009
Martín Pérez,"SP,RP",6902
José Butto,SP,23313
Jordan Balazovic,RP,21866
Gavin Hollowell,RP,25427
Shawn Dubin,P,24977
Joey Estes,SP,26257
Cole Sands,RP,21461
Johan Oviedo,SP,22487
Owen White,RP,22273
Logan Gillaspie,RP,22461
Josh Walker,RP,23617
Victor Vodnik,RP,24614
Tommy Henry,SP,26285
Zack Kelly,RP,20349
Victor Mederos,RP,31533
Riley Pint,RP,21858
Jorge Alcala,RP,19459
Reed Garrett,RP,16866
Kolby Allard,SP,18694
Graham Ashcraft,SP,27552
Lance Lynn,SP,2520
Jalen Beeks,"SP,RP",17192
Mason Englert,RP,22288
Ethan Small,RP,26364
Alex Speas,RP,21859
Bryan Hudson,RP,19924
Cody Morris,RP,25388
Freddy Tarnok,P,23324
Simeon Woods Richardson,RP,24494
Nick Robertson,RP,26226
Kyle Nicolas,RP,27775
Adam Cimber,RP,15288
Joel Kuhnel,RP,19995
Josh Taylor,RP,17359
Steven Cruz,"SP,RP",23165
Kolton Ingram,RP,26068
Taj Bradley,SP,22543
Max Castillo,RP,21956
Tanner Houck,SP,19879
Casey Legumina,RP,25921
Ben Lively,"SP,RP",14932
Mitch White,RP,19225
Robbie Ray,SP,11486
Adrian Morejon,RP,20039
Ross Stripling,"SP,RP",13273
Adrián Martínez,RP,21023
Yerry Rodríguez,RP,21955
Jackson Rutledge,SP,26215
Garrett Crochet,RP,27463
Marco Gonzales,SP,15467
Declan Cronin,RP,25645
Devin Sweet,RP,25348
Collin Snider,RP,23307
Ronel Blanco,"SP,RP",19407
Nick Lodolo,SP,26378
Bryan Hoeing,"SP,RP",26304
Connor Phillips,SP,27649
Michael Soroka,SP,18383
Triston McKenzie,SP,18000
Josiah Gray,SP,24580
Glenn Otto,RP,21366
Carson Spiers,P,27685
Luis Patiño,RP,22815
Cooper Criswell,RP,24975
Peter Lambert,"SP,RP",17969
Calvin Faucher,"SP,RP",20116
Brandon Pfaadt,SP,27782
Brandon Walter,RP,26056
McKinley Moore,RP,25663
Jeremiah Estrada,RP,22210
Clayton Andrews,RP,1000247
Edward Cabrera,SP,21690
Caleb Kilian,P,26213
Bailey Falter,SP,20070
Sean Hjelle,RP,21481
Shintaro Fujinami,"SP,RP",31839
Matthew Liberatore,"SP,RP",22294
Michael Grove,"SP,RP",23221
Alex Wood,"SP,RP",13781
Wes Parsons,SP,14764
Brandon Bielak,SP,19866
Daniel Bard,RP,7115
Evan Justice,RP,30008
Paul Blackburn,SP,14739
Colin Selby,"SP,RP",24986
José Urquidy,"SP,RP",18413
Amos Willingham,RP,26128
Osvaldo Bido,"SP,RP",23150
Zach Plesac,SP,19979
Levi Stoudt,P,25650
Cody Bolton,RP,23265
Dylan Coleman,RP,22276
Matt Krook,RP,19315
Jackson Kowar,RP,21549
Justin Martinez,RP,24453
Gus Varland,RP,24737
Brady Singer,SP,25377
Jake Irvin,SP,21504
Dakota Hudson,"SP,RP",19206
Patrick Sandoval,SP,19447
Ryne Nelson,SP,26253
David Peterson,"SP,RP",20302
James Naile,RP,18186
Kyle Freeland,SP,16256
Carlos Rodón,SP,16137
Patrick Corbin,SP,9323
Kyle Wright,SP,19665
Austin Gomber,SP,16561
Thaddeus Ward,RP,21513
Jared Shuster,SP,27472
Cal Quantrill,SP,19312
Lyon Richardson,SP,24581
Jordan Lyles,SP,7593
Jesse Scholtens,"SP,RP",19205
Jack Flaherty,SP,17479
Joan Adon,SP,22925
Alec Marsh,"SP,RP",27451
Tylor Megill,SP,21318
Touki Toussaint,SP,16929
Ryan Feltner,SP,21446
Hogan Harris,"SP,RP",21520
Dylan Dodd,SP,29928
Roansy Contreras,"SP,RP",22810
Gavin Stone,SP,27792
Drew Rucinski,SP,12499
Noah Davis,SP,25862
José Suarez,SP,19911
Tyler Anderson,SP,12880
Luis Medina,"SP,RP",1008715
Ryan Weathers,SP,23796
Drew Rom,SP,24602
Luis Severino,SP,15890
Luis L. Ortiz,SP,16942
Quinn Priester,SP,25977
Ken Waldichuk,"SP,RP",27681
Luke Weaver,SP,16918
Trevor Williams,SP,16977
Michael Kopech,SP,17282
Carlos Carrasco,SP,6632
Alek Manoah,SP,26410
Chris Flexen,"SP,RP",13896
Joey Wentz,"SP,RP",19962
Kyle Muller,"SP,RP",20167
Randy Rodríguez,"SP,RP",2586
Ryan Cusick,SP,1002911
Spencer Schwellenbach,SP,1005566
Wikelman Gonzalez,SP,1794
Doug Nikhazy,SP,963
Jaden Hill,SP,1005827
Joe Rock,SP,1009079
Sean Burke,SP,4617
Tanner McDougal,SP,1008472
Jackson Jobe,SP,1775
Ty Madden,SP,1007946
Dylan Smith,SP,1012120
Chayce McDermott,SP,1008446
Jaime Melendez,SP,22197
Frank Mozzicato,SP,1008369
Ben Kudrna,SP,1006192
Ky Bush,SP,1001752
Mason Albright,SP,-1
Alejandro Hidalgo,P,-1
Maddux Bruns,SP,-1
Chase Petty,SP,1010256
Dominic Hamel,SP,26438
Calvin Ziegler,SP,1014435
Brendan Beck,SP,20186
Brock Selvidge,SP,1001420
Anthony Solometo,SP,27647
Bubba Chandler,SP,1001977
Mike Burrows,SP,2932
Robert Gasser,SP,1011453
Victor Lizarraga,SP,1011568
Adam Macko,SP,-1
Michael Morales,SP,1009140
Will Bednar,SP,25660
Michael McGreevy,SP,1008330
Edwin Nunez,RP,-1
Ian Bedell,SP,1000813
Jack Leiter,SP,1007499
Gunnar Hoglund,SP,26289
Sem Robberse,SP,-1
Ricky Tiedemann,SP,1407
Chad Dallas,SP,2170
Mitchell Parker,SP,1009954
Anthony Maldonado,RP,1008015
Davis Martin,"SP,RP",21448
Stephen Strasburg,SP,10131
Moises Gomez,SP,-1
Sean Reynolds,RP,574
Zak Kent,SP,1013828
Colby White,RP,-1
Yosver Zulueta,SP,1014462
Roddery Muñoz,P,1009329
Ben Brown,SP,-1
Josh Simpson,RP,1011996
Chase Hampton,SP,1005288
Mason Fluharty,RP,1253
Jordan Leasure,RP,7593
Jack Perkins,SP,1010204
Connor Cooke,RP,16572
Luis De Avila,SP,2882
Andrew Walters,P,7853
Kade Morris,P,1009205
Alex Clemmey,P,1002411
Garrett Baumann,P,19262
Hunter Owen,P,20034
Sean Sullivan,SP,9137
Josh Knoth,P,3942
Camden Minacci,P,27572
Lance McCullers,SP,1008436
Seth Keener,SP,20493
Blake Wolters,P,1013588
Kyle Carr,P,1001994
Jack Mahoney,P,1013034
Quinn Mathews,P,1008240
Drue Hackenberg,P,1013501
Brady Smith,P,1012195
Landen Maroudis,P,-1
Jackson Baumeister,P,1008736
Isaiah Coupet,P,25551
Bishop Letson,P,1005986
Jake Bloss,SP,1001076
Andrew Lindsey,P,1583
Connor O'Halloran,P,1009750
Blake Treinen,RP,12572
Cole Miller,P,1008906
Nolan McLean,P,1008621
Ty Floyd,P,8536
Grayson Hitt,P,1005864
Zander Mueth,P,1012218
Cade Kuehler,P,14975
Paul Wilson,P,1234
Joe Whitman,SP,1010377
Hurston Waldrep,SP,1013623
Paul Skenes,SP,1011747
Chase Dollander,P,6895
Rhett Lowder,SP,1006415
Tyler Matzek,RP,10058
Noble Meyer,SP,1008831
Thomas White,P,1013877
Charlee Soto,P,1009231
Travis Sykora,P,11982
Cole Schoenwetter,P,1011551
Steven Echavarria,P,1002167
Alonzo Tredwell,P,1010480
Juaron Watts-Brown,P,40
Brandon Sproat,P,27782
Teddy McGraw,P,-1
Hunter Hollan,P,1007308
Tanner Hall,P,19518
Grant Taylor,P,1012885
Jaxon Wiggins,P,-1
Barrett Kent,P,17877
Blake Dickerson,P,12649
George Klassen,P,1002033
Nigel Belgrave,P,1001367
Trevor Harrison,P,1005430
Hiro Wyatt,P,1014304
Cade Denton,P,1003211
Lucas Braun,SP,-1
Cade Smith,P,20190
Joe Ross,SP,12972
Justin Jarvis,SP,10265
DJ Herz,SP,1005554
Jake Eder,SP,1013738
Bradley Blalock,SP,14244
Zach Showalter,SP,10622
Yoshinobu Yamamoto,SP,11651
Keider Montero,SP,20543
Edwin Díaz,RP,14710
Dillon Tate,RP,17796
Erick Fedde,SP,17425
Brady Basso,SP,1000648
Angel Chivilli,RP,-1
Juan Mejia,RP,10341
Yoniel Curet,SP,1002855
Michael Arias,SP,25931
Jose Corniell,SP,1002517
Kai-Wei Teng,SP,31838
Will Klein,RP,12675
Ryan Fernandez,RP,1003999
Justin Slaten,RP,1012469
Josimar Cousin,SP,1002644
Yuki Matsui,P,1659
Woo-Suk Go,RP,15697
Ricardo Yan,SP,1006616
Tyler Owens,P,9134
Luis De León,SP,1003169
Juan Nunez,SP,1000833
Alex Pham,SP,1000707
Angel Bastardo,SP,3243
Yordanny Monegro,SP,1009066
Dalton Rogers,SP,11773
Brody McCullough,SP,1008435
Eric Adler,P,15538
Julian Aguiar,SP,19967
Adam Serwinowski,P,3568
Zach Maxwell,P,-1
Jackson Humphries,SP,1006185
Will Dion,SP,1014112
Jordy Vargas,SP,-1
Rhett Kouba,SP,26123
Trey Dombroski,P,1001481
Jose Fleury,P,1002329
Luinder Avila,SP,7476
Jorge Marcheco,SP,17273
Adrian Acosta,SP,1000034
River Ryan,SP,19891
Payton Martin,SP,1008186
Justin Wrobleski,SP,1002682
Hyun-Seok Jang,P,1007308
Jesus Tillero,SP,1008906
Patrick Monteverde,SP,1009068
Juan De La Cruz,SP,19600
Evan Fitterer,SP,20078
Matt Pushard,P,1006086
Ike Buxton,SP,1010091
Patricio Aquino,SP,15482
Cory Lewis,SP,1259
C.J. Culpepper,SP,5177
Zebby Matthews,SP,1008234
Andrew Morris,SP,17553
Tyler Stuart,SP,6780
Raimon Gomez,P,1004826
Henry Lalane,SP,1007285
Zach Messinger,SP,3193
Carlos Lagrange,SP,-1
Danny Watson,P,1013592
Luis Morales,SP,1009140
Wen Hui Pan,P,1006144
Samuel Aldegheri,SP,-1
Po-Yu Chen,SP,14773
Isaiah Lowe,P,994
Hayden Birdsong,SP,-1
Jeter Martinez,SP,3935
Jimmy Joyce,SP,-1
Aidan Curry,SP,1009384
Winston Santos,SP,20383
Kendry Rojas,SP,-1
Shota Imanaga,SP,15873
Ian Anderson,SP,19951
Jay Groome,SP,1005065
Forrest Whitley,SP,16496
Walker Buehler,SP,19374
Bryan Mata,SP,4230
Brendon Little,RP,21574
Cade Smith,RP,20190
Anthony Molina,SP,1009772
Parker Messick,SP,21324
Landon Sims,SP,-1
Owen Murphy,SP,1009366
JR Ritchie,SP,-1
Cole Phillips,SP,4740
Adam Maier,P,15223
Seth Keller,P,20493
Sixto Sánchez,SP,19680
Shane Baz,SP,22264
Carter Baumler,SP,1001769
Luis Perales,SP,1010175
Shane Drohan,SP,1009047
Cade Horton,SP,1013037
Jackson Ferris,SP,1004016
Porter Hodge,"SP,RP",1005884
Drew Gray,SP,1004966
Justin Campbell,P,1001893
Gabriel Hughes,SP,1006150
Jackson Cox,SP,29832
Carson Palmquist,SP,1009977
Noah Schultz,SP,1011638
Peyton Pallette,SP,1010080
Cristian Mena,SP,728
Jonathan Cannon,SP,14699
Tyler Schweitzer,SP,1011661
Wilmer Flores,SP,5827
Troy Melton,SP,1003979
Brant Hurter,SP,562
Tyler Mattison,RP,12691
Spencer Arrighetti,SP,1005566
Andrew Taylor,SP,7896
Misael Tamarez,SP,7358
Miguel Ullola,SP,19246
Colton Gordon,SP,282
Alimber Santa,SP,1007371
Michael Knorr,SP,14093
Mason Barnett,SP,8219
Chandler Champlain,SP,23552
Noah Cameron,SP,18353
Jake Madden,SP,1007944
Caden Dana,SP,6652
Walbert Urena,SP,6175
Ryan Costeiu,RP,16377
Nick Nastrini,SP,12005
Ronan Kopp,SP,1007015
Casey Mize,SP,20492
Nick Frasso,SP,1004956
Peter Heubeck,SP,1013722
Jacob Misiorowski,SP,267
Carlos Rodriguez,SP,1011101
Logan Henderson,SP,-1
Connor Prielipp,SP,27649
Marco Raya,SP,1118
David Festa,SP,1013799
Blade Tidwell,SP,13543
Mike Vasil,SP,1013309
Joel Diaz,SP,2057
Luis Rodriguez,SP,2364
Christian Scott,P,11145
Will Warren,SP,1013640
Drew Thorpe,SP,6983
Edgar Barclay,RP,5195
Richard Fitts,SP,1003424
Carson Coleman,RP,8270
Royber Salinas,SP,-1
Alex McFarlane,SP,1008487
Christian McGowan,SP,11145
Micah Ottenbreit,SP,5579
Tommy McCollum,RP,1008644
Thomas Harrington,SP,-1
Hunter Barco,SP,25880
Michael Kennedy,SP,13228
Dylan Lesko,SP,1041
Robby Snelling,SP,1123
Adam Mazur,SP,-1
Henry Williams,SP,-1
Huascar Ynoa,SP,20468
Jairo Iriarte,SP,14996
Garrett Hawkins,SP,1790
Ryan Bergert,SP,12138
Jagger Haynes,SP,1005534
Taylor Dollard,SP,17548
JT Brubaker,SP,17578
Carson Whisenhunt,SP,1013843
Reggie Crawford,SP,1002739
Eric Silva,SP,-1
Trevor McDonald,SP,1008468
Carson Seymour,SP,1011777
Gordon Graceffo,SP,-1
Cooper Hjerpe,SP,19458
Brycen Mautz,SP,10607
Pete Hansen,SP,1005476
Max Rajcic,SP,22175
Mason Montgomery,SP,1009072
Ian Seymour,SP,1011778
Marcus Johnson,SP,1216
Trevor Martin,SP,6398
Brock Porter,SP,1010447
Kumar Rocker,SP,1010938
Tekoah Roby,SP,-1
Mitch Bratt,SP,4961
Emiliano Teodo,SP,3106
Marc Church,RP,2106
Josh Stephan,SP,-1
Brandon Barriera,SP,4878
Hayden Juenger,SP,4893
Dahian Santos,SP,2657
Jarlin Susana,SP,1012642
Zach Brzykcy,RP,19667
Corbin Martin,"SP,RP",19884
Santiago Suarez,SP,2122
Matt Sauer,SP,19705
Braxton Ashcraft,SP,27552
Jake Bennett,SP,-1
Yu-Min Lin,SP,14678
Cole Winn,"SP,RP",19244
Dylan Ray,SP,1009384
Adam Kloffenstein,SP,3568
Yilber Diaz,SP,23003
Walter Ford,SP,-1
Ashton Izzi,SP,3473
Griff McGarry,SP,1008504
Andrew Painter,SP,1675
Marcelo Perez,SP,1010183
Aaron Ashby,SP,23550
Stephen Kolek,SP,19545
Mason Black,SP,1001010
Gerelmi Maldonado,SP,1008016
Landen Roupp,SP,11146
Jacob Miller,SP,3104
Karson Milbrandt,SP,1001351
Cade Povich,SP,1010440
Justin Armbruester,SP,1001592
Trace Bright,SP,-1
Michael Mercado,"SP,RP",8461
Jun-Seok Shim,P,197
David Sandlin,SP,1693
Matt Foster,RP,19647
Luis Gil,SP,21052
Manuel Rodríguez,RP,20794
J.P. Feyereisen,RP,16610
Blake Walston,SP,-1
Kohl Franklin,SP,-1
Ryan Jensen,"SP,RP",1117
Daniel Espino,SP,1003829
Jared Jones,SP,1006583
Jack Kochanowicz,SP,1009824
Antoine Kelly,SP,1006818
Matt Canterino,SP,64
Erik Miller,RP,1008928
Joey Cantillo,SP,-1
Seth Johnson,SP,1006479
Riley O'Brien,P,20348
Andry Lara,SP,1013366
Matthew Thompson,SP,-1
Max Kranick,SP,22175
Tyler Baum,RP,13359
Cole Wilcox,SP,1013939
Cade Cavalli,SP,27473
Clayton Beeter,SP,1007273
Max Meyer,SP,27474
Landon Knack,SP,1529
Jake Brentz,RP,17783
Ricky Vanasco,"SP,RP",3830
Lucas Gilbreath,RP,21290
Christian Roa,SP,16434
Tanner Burns,SP,16990
Dax Fulton,SP,1004404
Mick Abel,SP,3693
Justin Lange,SP,803
Bailey Horn,RP,-1
Tink Hence,SP,1013235
Cole Henry,SP,-1
Anthony Bender,RP,19742
Cody Poteet,RP,18769
Mitch Spence,SP,1012320
Scott Effross,RP,18384
Naoyuki Uwasawa,P,7782
Yariel Rodriguez,P,1011110
Liam Hendriks,RP,3548
Daniel Hudson,RP,7146
Dinelson Lamet,"SP,RP",17186
Michael Lorenzen (Pitcher),"SP,RP",14843
Scott Alexander,"SP,RP",10591
Spencer Turnbull,SP,16207
Ryne Stanek,RP,15947
Dominic Leone,RP,13763
Corey Knebel,RP,15010
Juan Then,RP,22828
Josh Fleming,"SP,RP",20418
